id,title,value,probability,stage,status,contact_name,company,follow_up_count,days_in_stage,has_note,has_task,assigned,created_at
deal_1,Infosys Ltd - Prospecting Deal,17380.32,45,Prospecting,LOST,Kavya Verma,Infosys Ltd,3,29,0,0,0,2026-07-28
deal_2,Zomato India - Prospecting Deal,113225.8,74,Prospecting,WON,Neha Joshi,Zomato India,9,4,0,1,0,2026-05-23
deal_3,Ola Electric - Negotiation Deal,173424.01,29,Negotiation,OPEN,Priya Shah,Ola Electric,3,44,0,0,1,2026-03-30
deal_4,Wipro Tech - Prospecting Deal,366217.23,78,Prospecting,WON,Kavya Kumar,Wipro Tech,1,49,0,1,1,2025-09-08
deal_5,Ola Electric - Qualified Deal,387668.83,20,Qualified,WON,Rohit Bose,Ola Electric,3,13,1,1,1,2026-02-04
deal_6,Byju Learning - Proposal Deal,108705.98,44,Proposal,LOST,Amit Gupta,Byju Learning,10,83,0,0,0,2025-09-19
deal_7,Bajaj Finserv - Closed Deal,113709.51,51,Closed,LOST,Vikram Patel,Bajaj Finserv,0,30,0,1,1,2025-10-26
deal_8,Zomato India - Proposal Deal,110250.14,73,Proposal,WON,Amit Kumar,Zomato India,6,83,1,0,1,2025-10-17
deal_9,HCL Systems - Negotiation Deal,449422.33,61,Negotiation,WON,Karan Sharma,HCL Systems,5,29,0,1,0,2026-05-26
deal_10,Tata Consultancy - Qualified Deal,397079.29,64,Qualified,WON,Suresh Mehta,Tata Consultancy,9,9,1,1,1,2025-08-29
deal_11,Swiggy Corp - Prospecting Deal,342446.63,78,Prospecting,WON,Arjun Singh,Swiggy Corp,4,83,1,0,1,2026-03-31
deal_12,Mahindra Group - Closed Deal,382171.29,74,Closed,OPEN,Pooja Iyer,Mahindra Group,1,81,1,0,0,2025-11-14
deal_13,Wipro Tech - Prospecting Deal,301477.57,72,Prospecting,WON,Rahul Kumar,Wipro Tech,0,15,1,1,0,2025-12-07
deal_14,Razorpay Inc - Prospecting Deal,489102.32,78,Prospecting,WON,Suresh Bose,Razorpay Inc,2,17,1,0,1,2025-11-09
deal_15,HDFC Solutions - Qualified Deal,357909.74,61,Qualified,WON,Priya Kumar,HDFC Solutions,10,84,1,1,1,2026-02-20
deal_16,Infosys Ltd - Prospecting Deal,296212.82,39,Prospecting,LOST,Sneha Patel,Infosys Ltd,9,29,0,0,0,2026-07-07
deal_17,Razorpay Inc - Closed Deal,122812.29,95,Closed,WON,Karan Gupta,Razorpay Inc,7,28,0,1,0,2026-06-25
deal_18,Flipkart Pvt - Prospecting Deal,331196.46,55,Prospecting,WON,Rahul Verma,Flipkart Pvt,6,53,1,0,0,2026-04-07
deal_19,Wipro Tech - Qualified Deal,99153.41,67,Qualified,LOST,Sneha Bose,Wipro Tech,2,55,0,1,1,2025-11-04
deal_20,Bajaj Finserv - Prospecting Deal,30041.22,79,Prospecting,LOST,Neha Gupta,Bajaj Finserv,0,12,0,0,1,2026-07-13
deal_21,Paytm Services - Qualified Deal,192591.69,59,Qualified,LOST,Amit Kumar,Paytm Services,4,59,1,1,1,2026-04-23
deal_22,Mahindra Group - Prospecting Deal,291694.24,79,Prospecting,WON,Suresh Bose,Mahindra Group,0,41,0,0,1,2025-11-25
deal_23,Infosys Ltd - Prospecting Deal,426414.56,18,Prospecting,OPEN,Kavya Kumar,Infosys Ltd,9,9,0,1,0,2026-07-02
deal_24,Byju Learning - Negotiation Deal,330399.72,82,Negotiation,WON,Sneha Mehta,Byju Learning,8,41,1,0,1,2026-06-06
deal_25,Reliance Corp - Proposal Deal,231326.16,19,Proposal,LOST,Suresh Mehta,Reliance Corp,0,59,0,0,0,2026-07-08
deal_26,Reliance Corp - Qualified Deal,187915.91,30,Qualified,LOST,Rohit Patel,Reliance Corp,7,70,1,0,1,2026-06-14
deal_27,Zomato India - Prospecting Deal,372496.26,29,Prospecting,LOST,Rohit Nair,Zomato India,4,37,0,1,0,2025-11-27
deal_28,Reliance Corp - Negotiation Deal,129305.02,16,Negotiation,OPEN,Rahul Shah,Reliance Corp,1,82,1,1,0,2026-03-31
deal_29,Infosys Ltd - Qualified Deal,371909.3,80,Qualified,LOST,Ananya Singh,Infosys Ltd,6,72,0,0,0,2025-10-18
deal_30,HDFC Solutions - Closed Deal,78306.42,26,Closed,LOST,Sneha Nair,HDFC Solutions,0,40,1,0,1,2025-09-05
deal_31,Mahindra Group - Prospecting Deal,180070.92,81,Prospecting,LOST,Karan Iyer,Mahindra Group,6,80,0,0,0,2026-07-31
deal_32,HCL Systems - Qualified Deal,369599.41,52,Qualified,LOST,Karan Reddy,HCL Systems,6,86,0,1,0,2026-07-24
deal_33,Byju Learning - Negotiation Deal,115104.69,68,Negotiation,LOST,Rohit Kumar,Byju Learning,5,40,0,0,0,2026-03-23
deal_34,Mahindra Group - Prospecting Deal,483610.11,45,Prospecting,LOST,Priya Mehta,Mahindra Group,5,83,1,1,0,2025-10-19
deal_35,Bajaj Finserv - Proposal Deal,23937.31,86,Proposal,LOST,Arjun Joshi,Bajaj Finserv,6,45,1,1,0,2026-07-21
deal_36,Flipkart Pvt - Negotiation Deal,5837.18,78,Negotiation,WON,Priya Nair,Flipkart Pvt,10,86,0,1,1,2025-09-27
deal_37,Paytm Services - Proposal Deal,333376.8,25,Proposal,OPEN,Arjun Reddy,Paytm Services,4,65,1,1,1,2026-06-08
deal_38,Bajaj Finserv - Qualified Deal,213120.94,58,Qualified,LOST,Vikram Mehta,Bajaj Finserv,10,23,1,1,0,2025-10-20
deal_39,Paytm Services - Closed Deal,329079.28,69,Closed,OPEN,Rohit Patel,Paytm Services,7,57,0,1,0,2025-09-07
deal_40,HDFC Solutions - Closed Deal,170918.19,40,Closed,LOST,Rahul Sharma,HDFC Solutions,10,40,0,0,0,2025-10-04
deal_41,Tata Consultancy - Prospecting Deal,230431.0,90,Prospecting,WON,Sneha Singh,Tata Consultancy,9,25,1,1,1,2026-01-07
deal_42,Swiggy Corp - Qualified Deal,92063.91,76,Qualified,OPEN,Amit Iyer,Swiggy Corp,7,7,0,0,1,2025-11-14
deal_43,Nykaa Fashion - Closed Deal,299748.9,66,Closed,LOST,Ananya Bose,Nykaa Fashion,9,65,1,1,0,2026-04-02
deal_44,Paytm Services - Qualified Deal,420732.13,45,Qualified,WON,Priya Reddy,Paytm Services,8,63,0,1,1,2026-03-26
deal_45,Bajaj Finserv - Proposal Deal,163256.24,79,Proposal,WON,Ananya Singh,Bajaj Finserv,1,18,0,0,1,2026-01-12
deal_46,Tata Consultancy - Negotiation Deal,168786.29,69,Negotiation,WON,Karan Joshi,Tata Consultancy,6,8,0,1,1,2025-10-22
deal_47,Razorpay Inc - Negotiation Deal,241104.97,55,Negotiation,LOST,Sneha Mehta,Razorpay Inc,4,50,1,0,1,2026-07-29
deal_48,Tata Consultancy - Negotiation Deal,171384.12,61,Negotiation,WON,Kavya Joshi,Tata Consultancy,2,60,0,0,1,2025-09-17
deal_49,Flipkart Pvt - Negotiation Deal,72171.25,69,Negotiation,LOST,Sneha Gupta,Flipkart Pvt,2,7,1,1,1,2026-01-30
deal_50,Wipro Tech - Proposal Deal,377244.86,63,Proposal,OPEN,Pooja Kumar,Wipro Tech,4,11,1,0,0,2026-07-23
deal_51,HCL Systems - Prospecting Deal,475057.81,35,Prospecting,LOST,Neha Nair,HCL Systems,0,80,0,0,0,2025-10-28
deal_52,Tata Consultancy - Qualified Deal,235191.82,42,Qualified,LOST,Priya Joshi,Tata Consultancy,5,22,0,0,1,2025-10-22
deal_53,HCL Systems - Negotiation Deal,201343.95,35,Negotiation,OPEN,Divya Nair,HCL Systems,1,76,0,0,1,2026-07-22
deal_54,HCL Systems - Proposal Deal,268708.9,94,Proposal,LOST,Divya Gupta,HCL Systems,5,9,1,0,1,2026-02-08
deal_55,Zomato India - Negotiation Deal,355117.78,65,Negotiation,LOST,Arjun Bose,Zomato India,2,67,1,1,1,2026-04-09
deal_56,Flipkart Pvt - Prospecting Deal,143069.48,67,Prospecting,WON,Neha Bose,Flipkart Pvt,3,60,1,1,0,2025-12-06
deal_57,Razorpay Inc - Qualified Deal,180638.36,43,Qualified,LOST,Priya Kumar,Razorpay Inc,5,36,1,0,0,2025-12-05
deal_58,Byju Learning - Closed Deal,380291.5,70,Closed,OPEN,Vikram Kumar,Byju Learning,10,63,1,0,0,2026-04-10
deal_59,Swiggy Corp - Proposal Deal,333660.21,57,Proposal,LOST,Pooja Reddy,Swiggy Corp,7,71,1,1,1,2026-03-09
deal_60,Zomato India - Proposal Deal,119116.33,34,Proposal,OPEN,Ananya Gupta,Zomato India,5,16,0,0,0,2025-10-15
deal_61,Reliance Corp - Closed Deal,300411.42,22,Closed,LOST,Vikram Sharma,Reliance Corp,3,38,0,1,0,2026-03-25
deal_62,Paytm Services - Prospecting Deal,487275.99,80,Prospecting,LOST,Divya Sharma,Paytm Services,4,90,0,1,0,2025-12-10
deal_63,Infosys Ltd - Negotiation Deal,173649.44,16,Negotiation,WON,Neha Patel,Infosys Ltd,4,62,0,0,1,2026-05-28
deal_64,Paytm Services - Closed Deal,474817.19,20,Closed,LOST,Neha Gupta,Paytm Services,3,16,1,0,1,2025-10-15
deal_65,Wipro Tech - Negotiation Deal,156163.22,89,Negotiation,WON,Vikram Nair,Wipro Tech,0,79,0,0,0,2026-04-12
deal_66,Paytm Services - Qualified Deal,278236.16,30,Qualified,LOST,Rahul Kumar,Paytm Services,0,53,1,1,1,2025-08-16
deal_67,HDFC Solutions - Proposal Deal,352978.84,68,Proposal,OPEN,Arjun Patel,HDFC Solutions,1,88,0,1,0,2026-05-28
deal_68,Paytm Services - Proposal Deal,414182.42,19,Proposal,OPEN,Priya Gupta,Paytm Services,0,22,1,1,1,2026-01-18
deal_69,Tata Consultancy - Proposal Deal,252733.73,73,Proposal,WON,Kavya Mehta,Tata Consultancy,7,11,0,1,1,2026-06-27
deal_70,Swiggy Corp - Qualified Deal,481146.0,83,Qualified,WON,Neha Das,Swiggy Corp,9,3,1,0,0,2026-03-23
deal_71,Flipkart Pvt - Qualified Deal,498488.01,65,Qualified,OPEN,Arjun Shah,Flipkart Pvt,10,63,0,1,1,2026-06-20
deal_72,Zomato India - Qualified Deal,168252.81,73,Qualified,LOST,Priya Shah,Zomato India,4,85,1,0,1,2026-06-14
deal_73,Ola Electric - Negotiation Deal,433130.74,10,Negotiation,OPEN,Sneha Das,Ola Electric,10,70,1,1,0,2025-11-30
deal_74,HCL Systems - Negotiation Deal,381195.32,36,Negotiation,WON,Ananya Gupta,HCL Systems,4,71,0,1,1,2025-09-24
deal_75,HCL Systems - Closed Deal,400660.3,30,Closed,LOST,Sneha Bose,HCL Systems,4,71,0,1,0,2025-12-19
deal_76,Swiggy Corp - Prospecting Deal,325616.3,29,Prospecting,OPEN,Neha Kumar,Swiggy Corp,7,38,1,1,1,2026-05-30
deal_77,Zomato India - Negotiation Deal,99352.13,86,Negotiation,WON,Pooja Iyer,Zomato India,8,18,0,1,1,2026-08-11
deal_78,Ola Electric - Proposal Deal,364395.24,85,Proposal,WON,Suresh Gupta,Ola Electric,9,85,1,0,1,2026-02-23
deal_79,Razorpay Inc - Closed Deal,382621.98,58,Closed,WON,Sneha Bose,Razorpay Inc,7,42,0,0,1,2026-03-03
deal_80,Flipkart Pvt - Negotiation Deal,354087.8,58,Negotiation,WON,Amit Das,Flipkart Pvt,6,85,0,1,0,2025-12-30
deal_81,Zomato India - Prospecting Deal,265345.79,68,Prospecting,LOST,Neha Iyer,Zomato India,0,19,1,0,0,2025-09-27
deal_82,Infosys Ltd - Negotiation Deal,326669.14,52,Negotiation,OPEN,Divya Das,Infosys Ltd,10,69,1,1,1,2026-07-08
deal_83,Paytm Services - Qualified Deal,317424.7,46,Qualified,WON,Neha Singh,Paytm Services,3,12,1,0,0,2026-07-20
deal_84,Mahindra Group - Proposal Deal,399091.02,47,Proposal,WON,Suresh Verma,Mahindra Group,5,48,1,0,0,2026-05-15
deal_85,Zomato India - Prospecting Deal,306698.43,58,Prospecting,LOST,Sneha Gupta,Zomato India,9,88,0,1,0,2026-04-04
deal_86,Paytm Services - Prospecting Deal,449959.72,69,Prospecting,OPEN,Pooja Joshi,Paytm Services,4,87,0,0,1,2026-01-07
deal_87,Ola Electric - Proposal Deal,231133.73,48,Proposal,OPEN,Arjun Joshi,Ola Electric,3,50,1,0,0,2026-03-14
deal_88,HDFC Solutions - Proposal Deal,15860.1,94,Proposal,OPEN,Divya Mehta,HDFC Solutions,6,36,0,0,1,2026-02-13
deal_89,Swiggy Corp - Qualified Deal,320125.85,89,Qualified,WON,Vikram Iyer,Swiggy Corp,4,87,0,0,0,2025-10-20
deal_90,Ola Electric - Proposal Deal,367518.09,21,Proposal,OPEN,Amit Iyer,Ola Electric,4,42,1,0,0,2025-11-29
deal_91,HDFC Solutions - Proposal Deal,416083.95,42,Proposal,OPEN,Priya Singh,HDFC Solutions,7,38,1,0,1,2025-09-01
deal_92,Swiggy Corp - Negotiation Deal,483798.52,81,Negotiation,WON,Suresh Patel,Swiggy Corp,5,12,1,0,1,2026-02-05
deal_93,Flipkart Pvt - Proposal Deal,294357.25,91,Proposal,OPEN,Kavya Das,Flipkart Pvt,5,14,0,1,0,2026-04-21
deal_94,Paytm Services - Prospecting Deal,319524.94,69,Prospecting,LOST,Rahul Sharma,Paytm Services,4,84,1,0,0,2026-06-14
deal_95,Reliance Corp - Prospecting Deal,121226.02,78,Prospecting,LOST,Kavya Reddy,Reliance Corp,2,50,1,1,1,2025-09-11
deal_96,HDFC Solutions - Prospecting Deal,417678.08,88,Prospecting,LOST,Neha Gupta,HDFC Solutions,6,36,0,1,0,2026-06-23
deal_97,Swiggy Corp - Proposal Deal,274510.6,92,Proposal,WON,Priya Bose,Swiggy Corp,5,8,1,1,0,2025-09-07
deal_98,Bajaj Finserv - Qualified Deal,322643.71,86,Qualified,WON,Karan Joshi,Bajaj Finserv,0,7,1,0,0,2025-11-02
deal_99,Zomato India - Qualified Deal,295259.63,39,Qualified,WON,Amit Das,Zomato India,5,19,0,1,0,2026-06-17
deal_100,Reliance Corp - Prospecting Deal,70242.6,55,Prospecting,LOST,Vikram Sharma,Reliance Corp,3,76,1,0,0,2026-01-09
